seed_id,question,expected_answer,candidate_answer,keywords,question_type,quality_label,quality_score
1,What is Python?,Python is a high-level programming language known for its simple syntax and readability.,"Python is a high-level programming language known for its simple and readable syntax. It is widely used in web development, automation, data science, artificial intelligence, and machine learning.","['python', 'high-level', 'programming language', 'syntax', 'readability']",Python,Excellent,100
2,What is Python?,Python is a high-level programming language known for its simple syntax and readability.,Python is a high-level programming language with simple syntax. It is easy to learn and is used in many different applications.,"['python', 'high-level', 'programming language', 'syntax', 'readability']",Python,Good,75
3,What is Python?,Python is a high-level programming language known for its simple syntax and readability.,Python is a programming language used to develop software and applications.,"['python', 'high-level', 'programming language', 'syntax', 'readability']",Python,Average,50
4,What is Python?,Python is a high-level programming language known for its simple syntax and readability.,Python is a language used for programming.,"['python', 'high-level', 'programming language', 'syntax', 'readability']",Python,Poor,25
5,What is a list in Python?,A list is a mutable ordered collection in Python that can store multiple values and allows duplicate elements.,"A list is a mutable and ordered collection in Python that can store multiple values, including duplicate elements and values of different data types.","['list', 'mutable', 'ordered', 'collection', 'duplicate']",Python,Excellent,100
6,What is a list in Python?,A list is a mutable ordered collection in Python that can store multiple values and allows duplicate elements.,A Python list is an ordered collection that can store multiple values and can be modified after creation.,"['list', 'mutable', 'ordered', 'collection', 'duplicate']",Python,Good,75
7,What is a list in Python?,A list is a mutable ordered collection in Python that can store multiple values and allows duplicate elements.,A list stores multiple values in Python.,"['list', 'mutable', 'ordered', 'collection', 'duplicate']",Python,Average,50
8,What is a list in Python?,A list is a mutable ordered collection in Python that can store multiple values and allows duplicate elements.,A list is something used in Python.,"['list', 'mutable', 'ordered', 'collection', 'duplicate']",Python,Poor,25
9,What is machine learning?,Machine learning is a branch of artificial intelligence that enables computers to learn patterns from data and make predictions.,Machine learning is a branch of artificial intelligence that enables computers to learn patterns from data and make predictions or decisions without being explicitly programmed for every task.,"['machine learning', 'artificial intelligence', 'learn', 'patterns', 'data', 'predictions']",Machine Learning,Excellent,100
10,What is machine learning?,Machine learning is a branch of artificial intelligence that enables computers to learn patterns from data and make predictions.,Machine learning is a part of artificial intelligence where computers learn from data and use the learned patterns to make predictions.,"['machine learning', 'artificial intelligence', 'learn', 'patterns', 'data', 'predictions']",Machine Learning,Good,75
11,What is machine learning?,Machine learning is a branch of artificial intelligence that enables computers to learn patterns from data and make predictions.,Machine learning allows computers to learn from data.,"['machine learning', 'artificial intelligence', 'learn', 'patterns', 'data', 'predictions']",Machine Learning,Average,50
12,What is machine learning?,Machine learning is a branch of artificial intelligence that enables computers to learn patterns from data and make predictions.,Machine learning is related to computers.,"['machine learning', 'artificial intelligence', 'learn', 'patterns', 'data', 'predictions']",Machine Learning,Poor,25
13,What is supervised learning?,Supervised learning is a machine learning approach where a model learns from labeled training data to make predictions on new data.,Supervised learning is a machine learning approach where a model learns from labeled training data and uses those learned patterns to make predictions on new unseen data.,"['supervised learning', 'machine learning', 'labeled', 'training data', 'predictions']",Machine Learning,Excellent,100
14,What is supervised learning?,Supervised learning is a machine learning approach where a model learns from labeled training data to make predictions on new data.,Supervised learning trains a machine learning model using labeled data so that it can predict outcomes for new data.,"['supervised learning', 'machine learning', 'labeled', 'training data', 'predictions']",Machine Learning,Good,75
15,What is supervised learning?,Supervised learning is a machine learning approach where a model learns from labeled training data to make predictions on new data.,Supervised learning uses data to train a model and make predictions.,"['supervised learning', 'machine learning', 'labeled', 'training data', 'predictions']",Machine Learning,Average,50
16,What is supervised learning?,Supervised learning is a machine learning approach where a model learns from labeled training data to make predictions on new data.,It is a type of machine learning.,"['supervised learning', 'machine learning', 'labeled', 'training data', 'predictions']",Machine Learning,Poor,25
17,What is unsupervised learning?,Unsupervised learning is a machine learning approach that finds patterns or structures in data without using labeled target values.,"Unsupervised learning is a machine learning approach that discovers patterns, groups, or structures in data without using labeled target values.","['unsupervised learning', 'machine learning', 'patterns', 'structures', 'unlabeled']",Machine Learning,Excellent,100
18,What is unsupervised learning?,Unsupervised learning is a machine learning approach that finds patterns or structures in data without using labeled target values.,Unsupervised learning finds useful patterns or groups in data when labeled output values are not available.,"['unsupervised learning', 'machine learning', 'patterns', 'structures', 'unlabeled']",Machine Learning,Good,75
19,What is unsupervised learning?,Unsupervised learning is a machine learning approach that finds patterns or structures in data without using labeled target values.,It allows a model to find patterns in data without labels.,"['unsupervised learning', 'machine learning', 'patterns', 'structures', 'unlabeled']",Machine Learning,Average,50
20,What is unsupervised learning?,Unsupervised learning is a machine learning approach that finds patterns or structures in data without using labeled target values.,It is another type of machine learning.,"['unsupervised learning', 'machine learning', 'patterns', 'structures', 'unlabeled']",Machine Learning,Poor,25
21,What is overfitting in machine learning?,"Overfitting occurs when a machine learning model learns the training data too closely, including noise, and performs poorly on unseen data.","Overfitting occurs when a machine learning model learns the training data too closely, including noise, and therefore performs very well on training data but poorly on unseen data.","['overfitting', 'model', 'training data', 'noise', 'unseen data']",Machine Learning,Excellent,100
22,What is overfitting in machine learning?,"Overfitting occurs when a machine learning model learns the training data too closely, including noise, and performs poorly on unseen data.",Overfitting happens when a model fits the training data too closely and performs poorly when given new unseen data.,"['overfitting', 'model', 'training data', 'noise', 'unseen data']",Machine Learning,Good,75
23,What is overfitting in machine learning?,"Overfitting occurs when a machine learning model learns the training data too closely, including noise, and performs poorly on unseen data.",Overfitting means a model learns the training data too much.,"['overfitting', 'model', 'training data', 'noise', 'unseen data']",Machine Learning,Average,50
24,What is overfitting in machine learning?,"Overfitting occurs when a machine learning model learns the training data too closely, including noise, and performs poorly on unseen data.",It is a problem with machine learning models.,"['overfitting', 'model', 'training data', 'noise', 'unseen data']",Machine Learning,Poor,25
25,What is SQL?,"SQL is a structured query language used to store, retrieve, manipulate, and manage data in relational databases.","SQL stands for Structured Query Language and is used to store, retrieve, manipulate, and manage data in relational database systems.","['SQL', 'structured query language', 'relational database', 'retrieve', 'manage data']",SQL,Excellent,100
26,What is SQL?,"SQL is a structured query language used to store, retrieve, manipulate, and manage data in relational databases.",SQL is a language used to communicate with relational databases and perform operations on stored data.,"['SQL', 'structured query language', 'relational database', 'retrieve', 'manage data']",SQL,Good,75
27,What is SQL?,"SQL is a structured query language used to store, retrieve, manipulate, and manage data in relational databases.",SQL is used to work with databases.,"['SQL', 'structured query language', 'relational database', 'retrieve', 'manage data']",SQL,Average,50
28,What is SQL?,"SQL is a structured query language used to store, retrieve, manipulate, and manage data in relational databases.",SQL is a programming language.,"['SQL', 'structured query language', 'relational database', 'retrieve', 'manage data']",SQL,Poor,25
29,What is a primary key in SQL?,A primary key is a column or combination of columns that uniquely identifies each record in a database table.,A primary key is a column or combination of columns that uniquely identifies each record in a database table. It cannot contain duplicate values and normally cannot contain NULL values.,"['primary key', 'unique', 'record', 'table', 'database']",SQL,Excellent,100
30,What is a primary key in SQL?,A primary key is a column or combination of columns that uniquely identifies each record in a database table.,A primary key uniquely identifies each record in a database table and prevents duplicate values.,"['primary key', 'unique', 'record', 'table', 'database']",SQL,Good,75
31,What is a primary key in SQL?,A primary key is a column or combination of columns that uniquely identifies each record in a database table.,A primary key identifies records in a table.,"['primary key', 'unique', 'record', 'table', 'database']",SQL,Average,50
32,What is a primary key in SQL?,A primary key is a column or combination of columns that uniquely identifies each record in a database table.,It is something used in SQL.,"['primary key', 'unique', 'record', 'table', 'database']",SQL,Poor,25
33,What is database normalization?,Database normalization is the process of organizing data in tables to reduce redundancy and improve data integrity.,"Database normalization is the process of organizing data into related tables to reduce redundancy, avoid data anomalies, and improve data integrity.","['normalization', 'database', 'tables', 'redundancy', 'data integrity']",SQL,Excellent,100
34,What is database normalization?,Database normalization is the process of organizing data in tables to reduce redundancy and improve data integrity.,Normalization organizes database data into tables to reduce duplicate data and improve consistency.,"['normalization', 'database', 'tables', 'redundancy', 'data integrity']",SQL,Good,75
35,What is database normalization?,Database normalization is the process of organizing data in tables to reduce redundancy and improve data integrity.,Normalization is a way of organizing data in a database.,"['normalization', 'database', 'tables', 'redundancy', 'data integrity']",SQL,Average,50
36,What is database normalization?,Database normalization is the process of organizing data in tables to reduce redundancy and improve data integrity.,It is related to databases.,"['normalization', 'database', 'tables', 'redundancy', 'data integrity']",SQL,Poor,25
37,What is object-oriented programming?,Object-oriented programming is a programming paradigm based on objects and classes that combines data and behavior.,"Object-oriented programming is a programming paradigm based on objects and classes. It combines data and behavior and commonly uses concepts such as inheritance, encapsulation, polymorphism, and abstraction.","['object-oriented programming', 'objects', 'classes', 'data', 'behavior', 'paradigm']",OOP,Excellent,100
38,What is object-oriented programming?,Object-oriented programming is a programming paradigm based on objects and classes that combines data and behavior.,OOP is a programming approach that uses objects and classes to organize data and behavior.,"['object-oriented programming', 'objects', 'classes', 'data', 'behavior', 'paradigm']",OOP,Good,75
39,What is object-oriented programming?,Object-oriented programming is a programming paradigm based on objects and classes that combines data and behavior.,OOP is a programming method that uses objects.,"['object-oriented programming', 'objects', 'classes', 'data', 'behavior', 'paradigm']",OOP,Average,50
40,What is object-oriented programming?,Object-oriented programming is a programming paradigm based on objects and classes that combines data and behavior.,It is related to programming.,"['object-oriented programming', 'objects', 'classes', 'data', 'behavior', 'paradigm']",OOP,Poor,25
41,What is inheritance in OOP?,Inheritance is an object-oriented programming concept where a class can acquire properties and methods from another class.,"Inheritance is an object-oriented programming concept where a class can acquire properties and methods from another class, allowing code reuse and creating relationships between classes.","['inheritance', 'object-oriented programming', 'class', 'properties', 'methods']",OOP,Excellent,100
42,What is inheritance in OOP?,Inheritance is an object-oriented programming concept where a class can acquire properties and methods from another class.,Inheritance allows one class to reuse or acquire properties and methods from another class.,"['inheritance', 'object-oriented programming', 'class', 'properties', 'methods']",OOP,Good,75
43,What is inheritance in OOP?,Inheritance is an object-oriented programming concept where a class can acquire properties and methods from another class.,Inheritance allows classes to get features from another class.,"['inheritance', 'object-oriented programming', 'class', 'properties', 'methods']",OOP,Average,50
44,What is inheritance in OOP?,Inheritance is an object-oriented programming concept where a class can acquire properties and methods from another class.,Inheritance is an OOP concept.,"['inheritance', 'object-oriented programming', 'class', 'properties', 'methods']",OOP,Poor,25
45,What is encapsulation in OOP?,Encapsulation is an object-oriented programming concept that combines data and methods inside a class and restricts direct access to internal data.,Encapsulation is an object-oriented programming concept that combines data and methods inside a class and controls access to the internal data through appropriate interfaces.,"['encapsulation', 'object-oriented programming', 'data', 'methods', 'class']",OOP,Excellent,100
46,What is encapsulation in OOP?,Encapsulation is an object-oriented programming concept that combines data and methods inside a class and restricts direct access to internal data.,Encapsulation combines data and methods within a class and helps control access to the internal data.,"['encapsulation', 'object-oriented programming', 'data', 'methods', 'class']",OOP,Good,75
47,What is encapsulation in OOP?,Encapsulation is an object-oriented programming concept that combines data and methods inside a class and restricts direct access to internal data.,Encapsulation keeps data and methods together inside a class.,"['encapsulation', 'object-oriented programming', 'data', 'methods', 'class']",OOP,Average,50
48,What is encapsulation in OOP?,Encapsulation is an object-oriented programming concept that combines data and methods inside a class and restricts direct access to internal data.,It is an OOP concept.,"['encapsulation', 'object-oriented programming', 'data', 'methods', 'class']",OOP,Poor,25
49,What is data preprocessing?,Data preprocessing is the process of cleaning and transforming raw data into a suitable format for analysis or machine learning.,"Data preprocessing is the process of cleaning and transforming raw data into a suitable format for analysis or machine learning. It can include handling missing values, removing duplicates, encoding categorical variables, and scaling numerical features.","['data preprocessing', 'cleaning', 'transforming', 'raw data', 'machine learning']",Data Science,Excellent,100
50,What is data preprocessing?,Data preprocessing is the process of cleaning and transforming raw data into a suitable format for analysis or machine learning.,Data preprocessing involves cleaning and transforming raw data before using it for analysis or machine learning.,"['data preprocessing', 'cleaning', 'transforming', 'raw data', 'machine learning']",Data Science,Good,75
51,What is data preprocessing?,Data preprocessing is the process of cleaning and transforming raw data into a suitable format for analysis or machine learning.,Data preprocessing means cleaning data before analysis.,"['data preprocessing', 'cleaning', 'transforming', 'raw data', 'machine learning']",Data Science,Average,50
52,What is data preprocessing?,Data preprocessing is the process of cleaning and transforming raw data into a suitable format for analysis or machine learning.,It is something done with data.,"['data preprocessing', 'cleaning', 'transforming', 'raw data', 'machine learning']",Data Science,Poor,25
53,What is exploratory data analysis?,"Exploratory data analysis is the process of examining and visualizing a dataset to understand patterns, relationships, distributions, and anomalies.","Exploratory data analysis is the process of examining and visualizing a dataset to understand distributions, patterns, relationships, trends, and unusual values before further analysis or modeling.","['exploratory data analysis', 'dataset', 'visualizing', 'patterns', 'relationships', 'anomalies']",Data Science,Excellent,100
54,What is exploratory data analysis?,"Exploratory data analysis is the process of examining and visualizing a dataset to understand patterns, relationships, distributions, and anomalies.","EDA involves examining and visualizing data to identify patterns, relationships, and unusual values.","['exploratory data analysis', 'dataset', 'visualizing', 'patterns', 'relationships', 'anomalies']",Data Science,Good,75
55,What is exploratory data analysis?,"Exploratory data analysis is the process of examining and visualizing a dataset to understand patterns, relationships, distributions, and anomalies.",EDA is used to understand a dataset before building a model.,"['exploratory data analysis', 'dataset', 'visualizing', 'patterns', 'relationships', 'anomalies']",Data Science,Average,50
56,What is exploratory data analysis?,"Exploratory data analysis is the process of examining and visualizing a dataset to understand patterns, relationships, distributions, and anomalies.",It is analyzing data.,"['exploratory data analysis', 'dataset', 'visualizing', 'patterns', 'relationships', 'anomalies']",Data Science,Poor,25
57,What is feature engineering?,"Feature engineering is the process of creating, transforming, or selecting useful input features from raw data to improve machine learning performance.","Feature engineering is the process of creating, transforming, or selecting useful input features from raw data to improve the performance of a machine learning model.","['feature engineering', 'features', 'raw data', 'transforming', 'machine learning']",Data Science,Excellent,100
58,What is feature engineering?,"Feature engineering is the process of creating, transforming, or selecting useful input features from raw data to improve machine learning performance.",Feature engineering involves transforming or creating useful features from raw data to help a machine learning model perform better.,"['feature engineering', 'features', 'raw data', 'transforming', 'machine learning']",Data Science,Good,75
59,What is feature engineering?,"Feature engineering is the process of creating, transforming, or selecting useful input features from raw data to improve machine learning performance.",Feature engineering means preparing useful features from data for machine learning.,"['feature engineering', 'features', 'raw data', 'transforming', 'machine learning']",Data Science,Average,50
60,What is feature engineering?,"Feature engineering is the process of creating, transforming, or selecting useful input features from raw data to improve machine learning performance.",It is related to machine learning features.,"['feature engineering', 'features', 'raw data', 'transforming', 'machine learning']",Data Science,Poor,25
61,What is NumPy?,NumPy is a Python library used for numerical computing. It provides multidimensional arrays and efficient mathematical operations on data.,NumPy is a Python library used for numerical computing. It provides multidimensional arrays and efficient mathematical operations on data.,"['NumPy', 'numerical', 'arrays', 'mathematical']",Data Science,Excellent,100
62,What is NumPy?,NumPy is a Python library used for numerical computing. It provides multidimensional arrays and efficient mathematical operations on data.,NumPy is a Python library for numerical computing that provides arrays and mathematical operations.,"['NumPy', 'numerical', 'arrays', 'mathematical']",Data Science,Good,75
63,What is NumPy?,NumPy is a Python library used for numerical computing. It provides multidimensional arrays and efficient mathematical operations on data.,NumPy is used to work with numerical data and arrays in Python.,"['NumPy', 'numerical', 'arrays', 'mathematical']",Data Science,Average,50
64,What is NumPy?,NumPy is a Python library used for numerical computing. It provides multidimensional arrays and efficient mathematical operations on data.,NumPy is a Python library.,"['NumPy', 'numerical', 'arrays', 'mathematical']",Data Science,Poor,25
65,What is Pandas?,Pandas is a Python library used for data manipulation and analysis. It provides data structures such as Series and DataFrame for working with structured data.,Pandas is a Python library used for data manipulation and analysis. It provides data structures such as Series and DataFrame for working with structured data.,"['Pandas', 'data manipulation', 'DataFrame', 'Series']",Data Science,Excellent,100
66,What is Pandas?,Pandas is a Python library used for data manipulation and analysis. It provides data structures such as Series and DataFrame for working with structured data.,Pandas is a Python library used for manipulating and analyzing structured data using DataFrames and Series.,"['Pandas', 'data manipulation', 'DataFrame', 'Series']",Data Science,Good,75
67,What is Pandas?,Pandas is a Python library used for data manipulation and analysis. It provides data structures such as Series and DataFrame for working with structured data.,Pandas is commonly used to work with and analyze data in Python.,"['Pandas', 'data manipulation', 'DataFrame', 'Series']",Data Science,Average,50
68,What is Pandas?,Pandas is a Python library used for data manipulation and analysis. It provides data structures such as Series and DataFrame for working with structured data.,Pandas is a Python library for data.,"['Pandas', 'data manipulation', 'DataFrame', 'Series']",Data Science,Poor,25
69,What is mean in statistics?,Mean is the average of a set of numerical values. It is calculated by adding all the values and dividing the sum by the number of values.,Mean is the average of a set of numerical values. It is calculated by adding all the values and dividing the sum by the number of values.,"['mean', 'average', 'sum', 'values']",Statistics,Excellent,100
70,What is mean in statistics?,Mean is the average of a set of numerical values. It is calculated by adding all the values and dividing the sum by the number of values.,"Mean is the average value of a dataset, calculated by dividing the sum of the values by the number of values.","['mean', 'average', 'sum', 'values']",Statistics,Good,75
71,What is mean in statistics?,Mean is the average of a set of numerical values. It is calculated by adding all the values and dividing the sum by the number of values.,Mean is used to find the average of numerical values.,"['mean', 'average', 'sum', 'values']",Statistics,Average,50
72,What is mean in statistics?,Mean is the average of a set of numerical values. It is calculated by adding all the values and dividing the sum by the number of values.,Mean is an average.,"['mean', 'average', 'sum', 'values']",Statistics,Poor,25
73,What is a stack in data structures?,A stack is a linear data structure that follows the Last In First Out principle. Elements are added and removed from the top of the stack.,A stack is a linear data structure that follows the Last In First Out principle. Elements are added and removed from the top of the stack.,"['stack', 'LIFO', 'data structure', 'top']",Data Structures,Excellent,100
74,What is a stack in data structures?,A stack is a linear data structure that follows the Last In First Out principle. Elements are added and removed from the top of the stack.,"A stack is a data structure that follows LIFO, where elements are inserted and removed from the top.","['stack', 'LIFO', 'data structure', 'top']",Data Structures,Good,75
75,What is a stack in data structures?,A stack is a linear data structure that follows the Last In First Out principle. Elements are added and removed from the top of the stack.,A stack stores elements and follows the LIFO principle.,"['stack', 'LIFO', 'data structure', 'top']",Data Structures,Average,50
76,What is a stack in data structures?,A stack is a linear data structure that follows the Last In First Out principle. Elements are added and removed from the top of the stack.,A stack is used to store data.,"['stack', 'LIFO', 'data structure', 'top']",Data Structures,Poor,25
77,What is binary search?,Binary search is an efficient searching algorithm that works on sorted data by repeatedly dividing the search space into two halves.,Binary search is an efficient searching algorithm that works on sorted data by repeatedly dividing the search space into two halves.,"['binary search', 'sorted', 'algorithm', 'halves']",Algorithms,Excellent,100
78,What is binary search?,Binary search is an efficient searching algorithm that works on sorted data by repeatedly dividing the search space into two halves.,Binary search searches sorted data by repeatedly dividing the search range into two halves.,"['binary search', 'sorted', 'algorithm', 'halves']",Algorithms,Good,75
79,What is binary search?,Binary search is an efficient searching algorithm that works on sorted data by repeatedly dividing the search space into two halves.,Binary search is an algorithm used to find an element in sorted data.,"['binary search', 'sorted', 'algorithm', 'halves']",Algorithms,Average,50
80,What is binary search?,Binary search is an efficient searching algorithm that works on sorted data by repeatedly dividing the search space into two halves.,Binary search is a searching algorithm.,"['binary search', 'sorted', 'algorithm', 'halves']",Algorithms,Poor,25
81,What is a tuple in Python?,A tuple is an ordered and immutable collection in Python. It can store multiple values and is commonly used when the data should not be changed.,A tuple is an ordered and immutable collection in Python. It can store multiple values and is useful when the data should not be changed.,"['tuple', 'ordered', 'immutable', 'collection']",Python,Excellent,100
82,What is a tuple in Python?,A tuple is an ordered and immutable collection in Python. It can store multiple values and is commonly used when the data should not be changed.,A tuple is an ordered collection in Python that cannot be modified after it is created.,"['tuple', 'ordered', 'immutable', 'collection']",Python,Good,75
83,What is a tuple in Python?,A tuple is an ordered and immutable collection in Python. It can store multiple values and is commonly used when the data should not be changed.,A tuple is used to store multiple values and is immutable.,"['tuple', 'ordered', 'immutable', 'collection']",Python,Average,50
84,What is a tuple in Python?,A tuple is an ordered and immutable collection in Python. It can store multiple values and is commonly used when the data should not be changed.,A tuple is a Python data type.,"['tuple', 'ordered', 'immutable', 'collection']",Python,Poor,25
85,What is a dictionary in Python?,A dictionary is a mutable data structure in Python that stores data as key-value pairs. Keys are used to access their corresponding values.,A dictionary is a mutable data structure in Python that stores data as key-value pairs. Keys are used to access their corresponding values.,"['dictionary', 'key-value', 'keys', 'values']",Python,Excellent,100
86,What is a dictionary in Python?,A dictionary is a mutable data structure in Python that stores data as key-value pairs. Keys are used to access their corresponding values.,"A dictionary stores data as key-value pairs, where keys are used to access values.","['dictionary', 'key-value', 'keys', 'values']",Python,Good,75
87,What is a dictionary in Python?,A dictionary is a mutable data structure in Python that stores data as key-value pairs. Keys are used to access their corresponding values.,A dictionary is used to store data using keys and values.,"['dictionary', 'key-value', 'keys', 'values']",Python,Average,50
88,What is a dictionary in Python?,A dictionary is a mutable data structure in Python that stores data as key-value pairs. Keys are used to access their corresponding values.,A dictionary is used to store data.,"['dictionary', 'key-value', 'keys', 'values']",Python,Poor,25
89,What is a queue in data structures?,A queue is a linear data structure that follows the First In First Out principle. Elements are inserted at the rear and removed from the front.,A queue is a linear data structure that follows the First In First Out principle. Elements are inserted at the rear and removed from the front.,"['queue', 'FIFO', 'rear', 'front']",Data Structures,Excellent,100
90,What is a queue in data structures?,A queue is a linear data structure that follows the First In First Out principle. Elements are inserted at the rear and removed from the front.,"A queue is a data structure that follows FIFO, where elements are added at the rear and removed from the front.","['queue', 'FIFO', 'rear', 'front']",Data Structures,Good,75
91,What is a queue in data structures?,A queue is a linear data structure that follows the First In First Out principle. Elements are inserted at the rear and removed from the front.,A queue stores elements and follows the FIFO principle.,"['queue', 'FIFO', 'rear', 'front']",Data Structures,Average,50
92,What is a queue in data structures?,A queue is a linear data structure that follows the First In First Out principle. Elements are inserted at the rear and removed from the front.,A queue is used to store data.,"['queue', 'FIFO', 'rear', 'front']",Data Structures,Poor,25
93,What is polymorphism in OOP?,Polymorphism is an OOP concept that allows the same interface or method name to perform different behaviors depending on the object or context.,Polymorphism is an OOP concept that allows the same interface or method name to perform different behaviors depending on the object or context.,"['polymorphism', 'OOP', 'method', 'different behavior']",OOP,Excellent,100
94,What is polymorphism in OOP?,Polymorphism is an OOP concept that allows the same interface or method name to perform different behaviors depending on the object or context.,Polymorphism allows the same method or interface to behave differently depending on the object or context.,"['polymorphism', 'OOP', 'method', 'different behavior']",OOP,Good,75
95,What is polymorphism in OOP?,Polymorphism is an OOP concept that allows the same interface or method name to perform different behaviors depending on the object or context.,Polymorphism means that the same method can have different behavior.,"['polymorphism', 'OOP', 'method', 'different behavior']",OOP,Average,50
96,What is polymorphism in OOP?,Polymorphism is an OOP concept that allows the same interface or method name to perform different behaviors depending on the object or context.,Polymorphism is an OOP concept.,"['polymorphism', 'OOP', 'method', 'different behavior']",OOP,Poor,25
97,What is a JOIN in SQL?,A JOIN in SQL is used to combine rows from two or more tables based on a related column between them.,"A JOIN in SQL combines rows from two or more tables using a related column. Common types include INNER JOIN, LEFT JOIN, RIGHT JOIN, and FULL JOIN.","['JOIN', 'SQL', 'tables', 'related', 'column']",SQL,Excellent,100
98,What is a JOIN in SQL?,A JOIN in SQL is used to combine rows from two or more tables based on a related column between them.,A JOIN combines data from multiple tables based on a related column.,"['JOIN', 'SQL', 'tables', 'related', 'column']",SQL,Good,75
99,What is a JOIN in SQL?,A JOIN in SQL is used to combine rows from two or more tables based on a related column between them.,A JOIN is used to get data from different tables together.,"['JOIN', 'SQL', 'tables', 'related', 'column']",SQL,Average,50
100,What is a JOIN in SQL?,A JOIN in SQL is used to combine rows from two or more tables based on a related column between them.,A JOIN connects tables in SQL.,"['JOIN', 'SQL', 'tables', 'related', 'column']",SQL,Poor,25
101,What is a Python function?,A function is a reusable block of Python code designed to perform a specific task. It can accept parameters and return a result.,A function is a reusable block of Python code designed to perform a specific task. It can accept parameters and return a result.,"['function', 'reusable', 'parameters', 'return']",Python,Excellent,100
102,What is a Python function?,A function is a reusable block of Python code designed to perform a specific task. It can accept parameters and return a result.,A Python function is a reusable block of code that performs a specific task and can accept parameters and return a result.,"['function', 'reusable', 'parameters', 'return']",Python,Good,75
103,What is a Python function?,A function is a reusable block of Python code designed to perform a specific task. It can accept parameters and return a result.,A function is used to perform a particular task in Python.,"['function', 'reusable', 'parameters', 'return']",Python,Average,50
104,What is a Python function?,A function is a reusable block of Python code designed to perform a specific task. It can accept parameters and return a result.,A function is a block of code.,"['function', 'reusable', 'parameters', 'return']",Python,Poor,25
105,What is train-test splitting?,"Train-test splitting divides a dataset into training and testing subsets. The training data is used to learn the model, while the testing data evaluates its performance on unseen data.","Train-test splitting divides a dataset into training and testing subsets. The training data is used to learn the model, while the testing data evaluates its performance on unseen data.","['train', 'test', 'training data', 'testing data', 'unseen data']",Machine Learning,Excellent,100
106,What is train-test splitting?,"Train-test splitting divides a dataset into training and testing subsets. The training data is used to learn the model, while the testing data evaluates its performance on unseen data.",Train-test splitting divides data into training and testing sets. The training set is used to build the model and the test set evaluates it.,"['train', 'test', 'training data', 'testing data', 'unseen data']",Machine Learning,Good,75
107,What is train-test splitting?,"Train-test splitting divides a dataset into training and testing subsets. The training data is used to learn the model, while the testing data evaluates its performance on unseen data.",It separates a dataset into training data and testing data.,"['train', 'test', 'training data', 'testing data', 'unseen data']",Machine Learning,Average,50
108,What is train-test splitting?,"Train-test splitting divides a dataset into training and testing subsets. The training data is used to learn the model, while the testing data evaluates its performance on unseen data.",It splits the data.,"['train', 'test', 'training data', 'testing data', 'unseen data']",Machine Learning,Poor,25
109,What is a DataFrame in Pandas?,A DataFrame is a two-dimensional labeled data structure in Pandas that organizes data into rows and columns and supports data manipulation and analysis.,A DataFrame is a two-dimensional labeled data structure in Pandas that organizes data into rows and columns and supports data manipulation and analysis.,"['DataFrame', 'Pandas', 'rows', 'columns', 'data']",Data Science,Excellent,100
110,What is a DataFrame in Pandas?,A DataFrame is a two-dimensional labeled data structure in Pandas that organizes data into rows and columns and supports data manipulation and analysis.,A DataFrame is a two-dimensional structure in Pandas that stores data in rows and columns.,"['DataFrame', 'Pandas', 'rows', 'columns', 'data']",Data Science,Good,75
111,What is a DataFrame in Pandas?,A DataFrame is a two-dimensional labeled data structure in Pandas that organizes data into rows and columns and supports data manipulation and analysis.,A DataFrame is used to store and work with data in Pandas.,"['DataFrame', 'Pandas', 'rows', 'columns', 'data']",Data Science,Average,50
112,What is a DataFrame in Pandas?,A DataFrame is a two-dimensional labeled data structure in Pandas that organizes data into rows and columns and supports data manipulation and analysis.,A DataFrame is a Pandas data structure.,"['DataFrame', 'Pandas', 'rows', 'columns', 'data']",Data Science,Poor,25
113,What is normalization in machine learning?,"Normalization is a feature scaling technique that transforms numerical values to a common range, often between zero and one, so features can be compared more effectively.","Normalization is a feature scaling technique that transforms numerical values to a common range, often between zero and one, so features can be compared more effectively.","['normalization', 'scaling', 'features', 'range', 'zero', 'one']",Machine Learning,Excellent,100
114,What is normalization in machine learning?,"Normalization is a feature scaling technique that transforms numerical values to a common range, often between zero and one, so features can be compared more effectively.","Normalization scales numerical features to a common range, often between zero and one.","['normalization', 'scaling', 'features', 'range', 'zero', 'one']",Machine Learning,Good,75
115,What is normalization in machine learning?,"Normalization is a feature scaling technique that transforms numerical values to a common range, often between zero and one, so features can be compared more effectively.",Normalization is used to scale numerical data.,"['normalization', 'scaling', 'features', 'range', 'zero', 'one']",Machine Learning,Average,50
116,What is normalization in machine learning?,"Normalization is a feature scaling technique that transforms numerical values to a common range, often between zero and one, so features can be compared more effectively.",Normalization changes the scale of data.,"['normalization', 'scaling', 'features', 'range', 'zero', 'one']",Machine Learning,Poor,25
117,What is classification in machine learning?,Classification is a supervised learning task that predicts a categorical class or label for an input based on learned patterns from labeled training data.,Classification is a supervised learning task that predicts a categorical class or label for an input based on learned patterns from labeled training data.,"['classification', 'supervised', 'categorical', 'label', 'training data']",Machine Learning,Excellent,100
118,What is classification in machine learning?,Classification is a supervised learning task that predicts a categorical class or label for an input based on learned patterns from labeled training data.,Classification is a supervised learning technique used to predict categories or labels from labeled training data.,"['classification', 'supervised', 'categorical', 'label', 'training data']",Machine Learning,Good,75
119,What is classification in machine learning?,Classification is a supervised learning task that predicts a categorical class or label for an input based on learned patterns from labeled training data.,Classification is used to predict classes or categories.,"['classification', 'supervised', 'categorical', 'label', 'training data']",Machine Learning,Average,50
120,What is classification in machine learning?,Classification is a supervised learning task that predicts a categorical class or label for an input based on learned patterns from labeled training data.,Classification predicts a category.,"['classification', 'supervised', 'categorical', 'label', 'training data']",Machine Learning,Poor,25
121,What is regression in machine learning?,Regression is a supervised learning task that predicts a continuous numerical value based on relationships learned from training data.,Regression is a supervised learning task that predicts a continuous numerical value based on relationships learned from training data.,"['regression', 'supervised', 'continuous', 'numerical', 'prediction']",Machine Learning,Excellent,100
122,What is regression in machine learning?,Regression is a supervised learning task that predicts a continuous numerical value based on relationships learned from training data.,Regression is a supervised learning technique used to predict continuous numerical values from training data.,"['regression', 'supervised', 'continuous', 'numerical', 'prediction']",Machine Learning,Good,75
123,What is regression in machine learning?,Regression is a supervised learning task that predicts a continuous numerical value based on relationships learned from training data.,Regression is used to predict numerical values.,"['regression', 'supervised', 'continuous', 'numerical', 'prediction']",Machine Learning,Average,50
124,What is regression in machine learning?,Regression is a supervised learning task that predicts a continuous numerical value based on relationships learned from training data.,Regression predicts numbers.,"['regression', 'supervised', 'continuous', 'numerical', 'prediction']",Machine Learning,Poor,25
125,What is accuracy in machine learning?,Accuracy is an evaluation metric that measures the proportion of correct predictions among all predictions made by a classification model.,Accuracy is an evaluation metric that measures the proportion of correct predictions among all predictions made by a classification model.,"['accuracy', 'evaluation', 'correct', 'predictions', 'classification']",Machine Learning,Excellent,100
126,What is accuracy in machine learning?,Accuracy is an evaluation metric that measures the proportion of correct predictions among all predictions made by a classification model.,Accuracy measures the proportion of predictions that a classification model gets correct.,"['accuracy', 'evaluation', 'correct', 'predictions', 'classification']",Machine Learning,Good,75
127,What is accuracy in machine learning?,Accuracy is an evaluation metric that measures the proportion of correct predictions among all predictions made by a classification model.,Accuracy tells us how many predictions are correct.,"['accuracy', 'evaluation', 'correct', 'predictions', 'classification']",Machine Learning,Average,50
128,What is accuracy in machine learning?,Accuracy is an evaluation metric that measures the proportion of correct predictions among all predictions made by a classification model.,Accuracy measures correctness.,"['accuracy', 'evaluation', 'correct', 'predictions', 'classification']",Machine Learning,Poor,25
129,What is a foreign key in SQL?,A foreign key is a column or set of columns in one table that references the primary key of another table to establish a relationship between the tables.,A foreign key is a column or set of columns in one table that references the primary key of another table to establish a relationship between the tables.,"['foreign key', 'primary key', 'table', 'relationship', 'references']",SQL,Excellent,100
130,What is a foreign key in SQL?,A foreign key is a column or set of columns in one table that references the primary key of another table to establish a relationship between the tables.,A foreign key is used to connect tables by referencing a primary key in another table.,"['foreign key', 'primary key', 'table', 'relationship', 'references']",SQL,Good,75
131,What is a foreign key in SQL?,A foreign key is a column or set of columns in one table that references the primary key of another table to establish a relationship between the tables.,A foreign key creates a relationship between tables.,"['foreign key', 'primary key', 'table', 'relationship', 'references']",SQL,Average,50
132,What is a foreign key in SQL?,A foreign key is a column or set of columns in one table that references the primary key of another table to establish a relationship between the tables.,A foreign key connects tables.,"['foreign key', 'primary key', 'table', 'relationship', 'references']",SQL,Poor,25
133,What is abstraction in OOP?,Abstraction is an OOP concept that hides unnecessary implementation details and exposes only the essential features or behavior of an object.,Abstraction is an OOP concept that hides unnecessary implementation details and exposes only the essential features or behavior of an object.,"['abstraction', 'OOP', 'implementation', 'details', 'essential']",OOP,Excellent,100
134,What is abstraction in OOP?,Abstraction is an OOP concept that hides unnecessary implementation details and exposes only the essential features or behavior of an object.,Abstraction hides implementation details and exposes only the essential features of an object.,"['abstraction', 'OOP', 'implementation', 'details', 'essential']",OOP,Good,75
135,What is abstraction in OOP?,Abstraction is an OOP concept that hides unnecessary implementation details and exposes only the essential features or behavior of an object.,Abstraction means hiding unnecessary details and showing important features.,"['abstraction', 'OOP', 'implementation', 'details', 'essential']",OOP,Average,50
136,What is abstraction in OOP?,Abstraction is an OOP concept that hides unnecessary implementation details and exposes only the essential features or behavior of an object.,Abstraction hides details.,"['abstraction', 'OOP', 'implementation', 'details', 'essential']",OOP,Poor,25
137,What is the difference between Series and DataFrame in Pandas?,"A Series is a one-dimensional labeled data structure in Pandas, while a DataFrame is a two-dimensional structure consisting of rows and columns.","A Series is a one-dimensional labeled data structure in Pandas, while a DataFrame is a two-dimensional structure consisting of rows and columns.","['Series', 'DataFrame', 'one-dimensional', 'two-dimensional', 'rows', 'columns']",Data Science,Excellent,100
138,What is the difference between Series and DataFrame in Pandas?,"A Series is a one-dimensional labeled data structure in Pandas, while a DataFrame is a two-dimensional structure consisting of rows and columns.","A Series is one-dimensional, while a DataFrame is two-dimensional with rows and columns.","['Series', 'DataFrame', 'one-dimensional', 'two-dimensional', 'rows', 'columns']",Data Science,Good,75
139,What is the difference between Series and DataFrame in Pandas?,"A Series is a one-dimensional labeled data structure in Pandas, while a DataFrame is a two-dimensional structure consisting of rows and columns.",A Series stores data in one dimension and a DataFrame stores data in rows and columns.,"['Series', 'DataFrame', 'one-dimensional', 'two-dimensional', 'rows', 'columns']",Data Science,Average,50
140,What is the difference between Series and DataFrame in Pandas?,"A Series is a one-dimensional labeled data structure in Pandas, while a DataFrame is a two-dimensional structure consisting of rows and columns.",They are different Pandas data structures.,"['Series', 'DataFrame', 'one-dimensional', 'two-dimensional', 'rows', 'columns']",Data Science,Poor,25
141,What is standard deviation?,Standard deviation is a statistical measure that describes how much the values in a dataset vary or deviate from the mean.,Standard deviation is a statistical measure that describes how much the values in a dataset vary or deviate from the mean.,"['standard deviation', 'statistical', 'variation', 'deviation', 'mean']",Statistics,Excellent,100
142,What is standard deviation?,Standard deviation is a statistical measure that describes how much the values in a dataset vary or deviate from the mean.,Standard deviation measures how much values in a dataset vary from the mean.,"['standard deviation', 'statistical', 'variation', 'deviation', 'mean']",Statistics,Good,75
143,What is standard deviation?,Standard deviation is a statistical measure that describes how much the values in a dataset vary or deviate from the mean.,It measures the spread or variation of data.,"['standard deviation', 'statistical', 'variation', 'deviation', 'mean']",Statistics,Average,50
144,What is standard deviation?,Standard deviation is a statistical measure that describes how much the values in a dataset vary or deviate from the mean.,It is a statistical measure.,"['standard deviation', 'statistical', 'variation', 'deviation', 'mean']",Statistics,Poor,25
145,What is a confusion matrix?,"A confusion matrix is a table used to evaluate a classification model by showing true positives, true negatives, false positives, and false negatives.","A confusion matrix is a table used to evaluate a classification model by showing true positives, true negatives, false positives, and false negatives.","['confusion matrix', 'classification', 'true positive', 'true negative', 'false positive', 'false negative']",Machine Learning,Excellent,100
146,What is a confusion matrix?,"A confusion matrix is a table used to evaluate a classification model by showing true positives, true negatives, false positives, and false negatives.","A confusion matrix evaluates classification predictions using true positives, true negatives, false positives, and false negatives.","['confusion matrix', 'classification', 'true positive', 'true negative', 'false positive', 'false negative']",Machine Learning,Good,75
147,What is a confusion matrix?,"A confusion matrix is a table used to evaluate a classification model by showing true positives, true negatives, false positives, and false negatives.",A confusion matrix is used to evaluate a classification model.,"['confusion matrix', 'classification', 'true positive', 'true negative', 'false positive', 'false negative']",Machine Learning,Average,50
148,What is a confusion matrix?,"A confusion matrix is a table used to evaluate a classification model by showing true positives, true negatives, false positives, and false negatives.",It is a machine learning table.,"['confusion matrix', 'classification', 'true positive', 'true negative', 'false positive', 'false negative']",Machine Learning,Poor,25
149,What is a SQL query?,"A SQL query is a command written using Structured Query Language to retrieve, insert, update, or delete data in a relational database.","A SQL query is a command written using Structured Query Language to retrieve, insert, update, or delete data in a relational database.","['SQL', 'query', 'retrieve', 'insert', 'update', 'delete']",SQL,Excellent,100
150,What is a SQL query?,"A SQL query is a command written using Structured Query Language to retrieve, insert, update, or delete data in a relational database.",A SQL query is used to retrieve or modify data in a relational database.,"['SQL', 'query', 'retrieve', 'insert', 'update', 'delete']",SQL,Good,75
151,What is a SQL query?,"A SQL query is a command written using Structured Query Language to retrieve, insert, update, or delete data in a relational database.",A query is used to work with data in a database.,"['SQL', 'query', 'retrieve', 'insert', 'update', 'delete']",SQL,Average,50
152,What is a SQL query?,"A SQL query is a command written using Structured Query Language to retrieve, insert, update, or delete data in a relational database.",A SQL query is a database command.,"['SQL', 'query', 'retrieve', 'insert', 'update', 'delete']",SQL,Poor,25
153,What is time complexity?,Time complexity describes how the running time of an algorithm grows as the size of its input increases.,Time complexity describes how the running time of an algorithm grows as the size of its input increases.,"['time complexity', 'algorithm', 'running time', 'input', 'growth']",Algorithms,Excellent,100
154,What is time complexity?,Time complexity describes how the running time of an algorithm grows as the size of its input increases.,Time complexity describes how an algorithm's running time changes as the input size increases.,"['time complexity', 'algorithm', 'running time', 'input', 'growth']",Algorithms,Good,75
155,What is time complexity?,Time complexity describes how the running time of an algorithm grows as the size of its input increases.,Time complexity measures the running time of an algorithm based on its input size.,"['time complexity', 'algorithm', 'running time', 'input', 'growth']",Algorithms,Average,50
156,What is time complexity?,Time complexity describes how the running time of an algorithm grows as the size of its input increases.,It measures algorithm speed.,"['time complexity', 'algorithm', 'running time', 'input', 'growth']",Algorithms,Poor,25
157,What is precision in machine learning?,Precision is a classification metric that measures the proportion of predicted positive cases that are actually positive.,Precision is a classification metric that measures the proportion of predicted positive cases that are actually positive.,"['precision', 'classification', 'predicted positive', 'actual positive', 'metric']",Machine Learning,Excellent,100
158,What is precision in machine learning?,Precision is a classification metric that measures the proportion of predicted positive cases that are actually positive.,Precision measures how many of the cases predicted as positive are actually positive.,"['precision', 'classification', 'predicted positive', 'actual positive', 'metric']",Machine Learning,Good,75
159,What is precision in machine learning?,Precision is a classification metric that measures the proportion of predicted positive cases that are actually positive.,Precision measures the correctness of positive predictions.,"['precision', 'classification', 'predicted positive', 'actual positive', 'metric']",Machine Learning,Average,50
160,What is precision in machine learning?,Precision is a classification metric that measures the proportion of predicted positive cases that are actually positive.,Precision measures positive predictions.,"['precision', 'classification', 'predicted positive', 'actual positive', 'metric']",Machine Learning,Poor,25
161,What is recall in machine learning?,Recall is a classification metric that measures the proportion of actual positive cases that are correctly identified by the model.,Recall is a classification metric that measures the proportion of actual positive cases that are correctly identified by the model.,"['recall', 'classification', 'actual positive', 'correctly identified', 'metric']",Machine Learning,Excellent,100
162,What is recall in machine learning?,Recall is a classification metric that measures the proportion of actual positive cases that are correctly identified by the model.,Recall measures how many of the actual positive cases are correctly identified by the model.,"['recall', 'classification', 'actual positive', 'correctly identified', 'metric']",Machine Learning,Good,75
163,What is recall in machine learning?,Recall is a classification metric that measures the proportion of actual positive cases that are correctly identified by the model.,Recall measures how well a model identifies positive cases.,"['recall', 'classification', 'actual positive', 'correctly identified', 'metric']",Machine Learning,Average,50
164,What is recall in machine learning?,Recall is a classification metric that measures the proportion of actual positive cases that are correctly identified by the model.,Recall identifies positive cases.,"['recall', 'classification', 'actual positive', 'correctly identified', 'metric']",Machine Learning,Poor,25
165,What is a histogram?,A histogram is a graphical representation that shows the distribution of numerical data by grouping values into intervals called bins.,A histogram is a graphical representation that shows the distribution of numerical data by grouping values into intervals called bins.,"['histogram', 'distribution', 'numerical', 'bins', 'data']",Statistics,Excellent,100
166,What is a histogram?,A histogram is a graphical representation that shows the distribution of numerical data by grouping values into intervals called bins.,A histogram shows the distribution of numerical data by grouping values into different intervals or bins.,"['histogram', 'distribution', 'numerical', 'bins', 'data']",Statistics,Good,75
167,What is a histogram?,A histogram is a graphical representation that shows the distribution of numerical data by grouping values into intervals called bins.,A histogram is a graph used to show the distribution of data.,"['histogram', 'distribution', 'numerical', 'bins', 'data']",Statistics,Average,50
168,What is a histogram?,A histogram is a graphical representation that shows the distribution of numerical data by grouping values into intervals called bins.,A histogram is a type of graph.,"['histogram', 'distribution', 'numerical', 'bins', 'data']",Statistics,Poor,25
169,What is an INNER JOIN in SQL?,An INNER JOIN returns only the rows that have matching values in both tables based on the specified join condition.,An INNER JOIN returns only the rows that have matching values in both tables based on the specified join condition.,"['INNER JOIN', 'matching', 'rows', 'tables', 'condition']",SQL,Excellent,100
170,What is an INNER JOIN in SQL?,An INNER JOIN returns only the rows that have matching values in both tables based on the specified join condition.,An INNER JOIN returns matching rows from two tables based on a specified condition.,"['INNER JOIN', 'matching', 'rows', 'tables', 'condition']",SQL,Good,75
171,What is an INNER JOIN in SQL?,An INNER JOIN returns only the rows that have matching values in both tables based on the specified join condition.,An INNER JOIN combines matching data from two tables.,"['INNER JOIN', 'matching', 'rows', 'tables', 'condition']",SQL,Average,50
172,What is an INNER JOIN in SQL?,An INNER JOIN returns only the rows that have matching values in both tables based on the specified join condition.,It joins two tables.,"['INNER JOIN', 'matching', 'rows', 'tables', 'condition']",SQL,Poor,25
173,What is a machine learning model?,A machine learning model is a mathematical or computational representation learned from data that can make predictions or decisions on new inputs.,A machine learning model is a mathematical or computational representation learned from data that can make predictions or decisions on new inputs.,"['machine learning', 'model', 'data', 'predictions', 'inputs']",Machine Learning,Excellent,100
174,What is a machine learning model?,A machine learning model is a mathematical or computational representation learned from data that can make predictions or decisions on new inputs.,A machine learning model learns patterns from data and uses them to make predictions on new inputs.,"['machine learning', 'model', 'data', 'predictions', 'inputs']",Machine Learning,Good,75
175,What is a machine learning model?,A machine learning model is a mathematical or computational representation learned from data that can make predictions or decisions on new inputs.,A machine learning model learns from data to make predictions.,"['machine learning', 'model', 'data', 'predictions', 'inputs']",Machine Learning,Average,50
176,What is a machine learning model?,A machine learning model is a mathematical or computational representation learned from data that can make predictions or decisions on new inputs.,It is a model that learns from data.,"['machine learning', 'model', 'data', 'predictions', 'inputs']",Machine Learning,Poor,25
177,What is cross-validation?,Cross-validation is a model evaluation technique that divides data into multiple subsets and repeatedly trains and evaluates the model on different training and validation portions.,Cross-validation is a model evaluation technique that divides data into multiple subsets and repeatedly trains and evaluates the model on different training and validation portions.,"['cross-validation', 'evaluation', 'training', 'validation', 'subsets']",Machine Learning,Excellent,100
178,What is cross-validation?,Cross-validation is a model evaluation technique that divides data into multiple subsets and repeatedly trains and evaluates the model on different training and validation portions.,Cross-validation evaluates a model by dividing data into several subsets and using different subsets for training and validation.,"['cross-validation', 'evaluation', 'training', 'validation', 'subsets']",Machine Learning,Good,75
179,What is cross-validation?,Cross-validation is a model evaluation technique that divides data into multiple subsets and repeatedly trains and evaluates the model on different training and validation portions.,Cross-validation is used to evaluate machine learning models using different portions of data.,"['cross-validation', 'evaluation', 'training', 'validation', 'subsets']",Machine Learning,Average,50
180,What is cross-validation?,Cross-validation is a model evaluation technique that divides data into multiple subsets and repeatedly trains and evaluates the model on different training and validation portions.,It is a model evaluation technique.,"['cross-validation', 'evaluation', 'training', 'validation', 'subsets']",Machine Learning,Poor,25
181,What is an outlier?,An outlier is a data point that is unusually different from the other observations in a dataset and may affect statistical analysis or machine learning models.,An outlier is a data point that is unusually different from the other observations in a dataset and may affect statistical analysis or machine learning models.,"['outlier', 'data point', 'observations', 'dataset', 'statistical']",Statistics,Excellent,100
182,What is an outlier?,An outlier is a data point that is unusually different from the other observations in a dataset and may affect statistical analysis or machine learning models.,An outlier is an observation that is significantly different from most other values in a dataset.,"['outlier', 'data point', 'observations', 'dataset', 'statistical']",Statistics,Good,75
183,What is an outlier?,An outlier is a data point that is unusually different from the other observations in a dataset and may affect statistical analysis or machine learning models.,An outlier is an unusual value in a dataset.,"['outlier', 'data point', 'observations', 'dataset', 'statistical']",Statistics,Average,50
184,What is an outlier?,An outlier is a data point that is unusually different from the other observations in a dataset and may affect statistical analysis or machine learning models.,It is an unusual data value.,"['outlier', 'data point', 'observations', 'dataset', 'statistical']",Statistics,Poor,25
185,What is a SQL GROUP BY clause?,"The SQL GROUP BY clause groups rows that have the same values in specified columns and is commonly used with aggregate functions such as COUNT, SUM, and AVG.","The SQL GROUP BY clause groups rows that have the same values in specified columns and is commonly used with aggregate functions such as COUNT, SUM, and AVG.","['GROUP BY', 'SQL', 'groups', 'aggregate', 'COUNT', 'SUM', 'AVG']",SQL,Excellent,100
186,What is a SQL GROUP BY clause?,"The SQL GROUP BY clause groups rows that have the same values in specified columns and is commonly used with aggregate functions such as COUNT, SUM, and AVG.",GROUP BY groups rows with the same values and is often used with aggregate functions such as COUNT and SUM.,"['GROUP BY', 'SQL', 'groups', 'aggregate', 'COUNT', 'SUM', 'AVG']",SQL,Good,75
187,What is a SQL GROUP BY clause?,"The SQL GROUP BY clause groups rows that have the same values in specified columns and is commonly used with aggregate functions such as COUNT, SUM, and AVG.",GROUP BY is used to group similar rows in a SQL query.,"['GROUP BY', 'SQL', 'groups', 'aggregate', 'COUNT', 'SUM', 'AVG']",SQL,Average,50
188,What is a SQL GROUP BY clause?,"The SQL GROUP BY clause groups rows that have the same values in specified columns and is commonly used with aggregate functions such as COUNT, SUM, and AVG.",It groups data in SQL.,"['GROUP BY', 'SQL', 'groups', 'aggregate', 'COUNT', 'SUM', 'AVG']",SQL,Poor,25
189,What is method overriding in OOP?,Method overriding occurs when a child class provides its own implementation of a method that is already defined in its parent class.,Method overriding occurs when a child class provides its own implementation of a method that is already defined in its parent class.,"['method overriding', 'child class', 'parent class', 'implementation', 'method']",OOP,Excellent,100
190,What is method overriding in OOP?,Method overriding occurs when a child class provides its own implementation of a method that is already defined in its parent class.,Method overriding allows a child class to provide a different implementation of a method inherited from its parent class.,"['method overriding', 'child class', 'parent class', 'implementation', 'method']",OOP,Good,75
191,What is method overriding in OOP?,Method overriding occurs when a child class provides its own implementation of a method that is already defined in its parent class.,Method overriding means redefining a parent class method in a child class.,"['method overriding', 'child class', 'parent class', 'implementation', 'method']",OOP,Average,50
192,What is method overriding in OOP?,Method overriding occurs when a child class provides its own implementation of a method that is already defined in its parent class.,It changes a method in a child class.,"['method overriding', 'child class', 'parent class', 'implementation', 'method']",OOP,Poor,25
193,What is the difference between supervised and unsupervised learning?,"Supervised learning uses labeled data to learn a mapping between inputs and outputs, while unsupervised learning works with unlabeled data to discover patterns or structures.","Supervised learning uses labeled data to learn a mapping between inputs and outputs, while unsupervised learning works with unlabeled data to discover patterns or structures.","['supervised', 'unsupervised', 'labeled', 'unlabeled', 'patterns']",Machine Learning,Excellent,100
194,What is the difference between supervised and unsupervised learning?,"Supervised learning uses labeled data to learn a mapping between inputs and outputs, while unsupervised learning works with unlabeled data to discover patterns or structures.","Supervised learning uses labeled data, while unsupervised learning uses unlabeled data to find patterns.","['supervised', 'unsupervised', 'labeled', 'unlabeled', 'patterns']",Machine Learning,Good,75
195,What is the difference between supervised and unsupervised learning?,"Supervised learning uses labeled data to learn a mapping between inputs and outputs, while unsupervised learning works with unlabeled data to discover patterns or structures.","Supervised learning learns from labeled data, while unsupervised learning finds patterns in data without labels.","['supervised', 'unsupervised', 'labeled', 'unlabeled', 'patterns']",Machine Learning,Average,50
196,What is the difference between supervised and unsupervised learning?,"Supervised learning uses labeled data to learn a mapping between inputs and outputs, while unsupervised learning works with unlabeled data to discover patterns or structures.",Supervised has labels and unsupervised does not.,"['supervised', 'unsupervised', 'labeled', 'unlabeled', 'patterns']",Machine Learning,Poor,25
197,What is cosine similarity?,Cosine similarity measures the similarity between two vectors by calculating the cosine of the angle between them. It is commonly used to compare text embeddings.,Cosine similarity measures the similarity between two vectors by calculating the cosine of the angle between them. It is commonly used to compare text embeddings.,"['cosine similarity', 'vectors', 'similarity', 'angle', 'embeddings']",NLP,Excellent,100
198,What is cosine similarity?,Cosine similarity measures the similarity between two vectors by calculating the cosine of the angle between them. It is commonly used to compare text embeddings.,Cosine similarity measures how similar two vectors are based on the angle between them and is commonly used with text embeddings.,"['cosine similarity', 'vectors', 'similarity', 'angle', 'embeddings']",NLP,Good,75
199,What is cosine similarity?,Cosine similarity measures the similarity between two vectors by calculating the cosine of the angle between them. It is commonly used to compare text embeddings.,Cosine similarity is used to measure similarity between vectors.,"['cosine similarity', 'vectors', 'similarity', 'angle', 'embeddings']",NLP,Average,50
200,What is cosine similarity?,Cosine similarity measures the similarity between two vectors by calculating the cosine of the angle between them. It is commonly used to compare text embeddings.,It measures similarity.,"['cosine similarity', 'vectors', 'similarity', 'angle', 'embeddings']",NLP,Poor,25
